requested_model_name,actual_model_name,arc_challenge__cot,arc_challenge__few_shot_cot,arc_challenge__zero_shot,gsm8k__cot,gsm8k__few_shot_cot,gsm8k__zero_shot,math_l1_l3__cot,math_l1_l3__few_shot_cot,math_l1_l3__zero_shot,truthfulqa_mc1__cot,truthfulqa_mc1__few_shot_cot,truthfulqa_mc1__zero_shot
gemma_4_26b_a4b,gemma_4_26b_a4b,1.2714365758746862,0.4106338381022215,1.271335440017283,11.285328846536578,9.289560130871832,11.190894167348743,22.865573279596866,21.0848843248561,22.533218238018453,2.0955740028247236,1.3789676140621305,2.1083294808119537
gemma_4_e2b,gemma_4_e2b,0.25500049490481613,0.23349441550672054,0.2606198680773377,7.396856962367893,6.287610773295164,7.2232477584853765,14.60541018627584,12.880142021216452,13.92550682373345,0.29984590522944926,0.24960173182189466,0.3063835586234927
gemma_4_e4b,gemma_4_e4b,2.028531077057123,0.42952378902584315,2.0404314348846673,8.909869081787765,6.147615560740232,8.713737481981516,16.44912392217666,14.648832060284912,16.1140628201887,1.9788864155858754,0.6064787318557501,1.9916344752162696
phi_4_mini_reasoning,phi_4_mini_reasoning,1.9951612792909146,1.9983171197399496,2.0206277424097063,4.016200938262045,4.010823902264238,4.033144275955856,7.917606993429363,7.917781732305884,7.952918503247202,1.9998194240406155,2.004333781301975,2.0142634164169433
phi_4_reasoning,phi_4_reasoning,2.4451192398369312,2.433811821602285,2.439714500904083,4.759820827953518,4.7625251520425085,4.778950215876103,9.746857533678412,9.972893265001476,9.769369656518101,2.4762676384672524,2.511466160789132,2.476219012439251
qwen3_30b_a3b,qwen3_30b_a3b,4.986491956189274,4.977726296596229,4.972604104317725,9.537304905764758,9.54202636230737,9.563816293887793,19.415311548635362,18.85488996874541,18.883545728698373,5.099875292293728,5.097043509855866,5.089428836330772
qwen3_8b,qwen3_8b,2.7277309058979156,2.700617388933897,2.705582039542496,5.2067430475354195,5.0169575946033005,5.193300496526063,10.510209453701973,9.75920182581991,10.532712819464505,2.68460694655776,2.688285072483122,2.672576515339315
